brand,product_name
레어로우,스틸 모듈 캐비닛
잭슨카멜레온,페블 모듈 소파
일광전구,스노우맨 테이블램프
루미르,LUMIR C 무드 램프
뉴트리코어,비타민D
트루엔,오메가3 맥스
오쿠,슬림 식품건조기
보아르,V30 에어프라이어
미로,MH7000 초음파 가습기
루메나,FAN PRIME 3 무선선풍기
아렌시아,프레시 그린 떡솝
비플레인,시카풀 앰플
드파운드,클래식 로고 숄더백
안다르,에어쿨링 레깅스
아날로그키퍼,타임로그 다이어리
닥터다니엘,커큐민
청담뉴트리션,포스파티딜세린
보타니스트,보태니컬 샴푸
셀레티,dangling earrings
파크골프채,피닉스
Magis,Chair One
Ferm Living,Rico Lounge Chair
Flos,IC Lights T1
Artemide,Tolomeo Tavolo
Thorne,Basic Nutrients 2/Day
Solgar,Gentle Iron 25mg
Aarke,Carbonator 3
Fellow,Stagg EKG Kettle
Stadler Form,Oskar Humidifier
BALMUDA,The Pure Air Purifier
Byredo,Blanche Hand Cream
Susanne Kaufmann,Enzyme Exfoliator
A.P.C.,Demi-Lune Bag
Fazzini,Raso Sateen Duvet Cover
Ziwi Peak,Air-Dried Beef Recipe
